ID	CHROM	POS	REF	Allele	Annotation	Annotation_Impact	Gene_Name	Gene_ID	Feature_Type	Feature_ID	Transcript_BioType
S01_3996921	01	3996921	C	T	upstream_gene_variant	MODIFIER	SORBI_3001G053601	SORBI_3001G053601			
S01_6237519	01	6237519	T	C	downstream_gene_variant	MODIFIER	SORBI_3001G080800	SORBI_3001G080800			
S01_15431375	01	15431375	A	G	upstream_gene_variant	MODIFIER	SORBI_3001G182200	SORBI_3001G182200			
S01_15431397	01	15431397	A	G	upstream_gene_variant	MODIFIER	SORBI_3001G182200	SORBI_3001G182200			
S01_15900907	01	15900907	G	A	upstream_gene_variant	MODIFIER	SORBI_3001G185900	SORBI_3001G185900			
S01_16370904	01	16370904	C	G	intergenic_region	MODIFIER	SORBI_3001G186401-SORBI_3001G186500	SORBI_3001G186401-SORBI_3001G186500			
S01_18738709	01	18738709	T	A	intergenic_region	MODIFIER	SORBI_3001G205100-SORBI_3001G205200	SORBI_3001G205100-SORBI_3001G205200			
S01_21834994	01	21834994	A	T	intron_variant	MODIFIER	SORBI_3001G227800	SORBI_3001G227800			
S01_25299109	01	25299109	G	A	downstream_gene_variant	MODIFIER	SORBI_3001G243666	SORBI_3001G243666			
S01_27197407	01	27197407	A	C	3_prime_UTR_variant	MODIFIER	SORBI_3001G251900	SORBI_3001G251900			
S01_30342461	01	30342461	G	A	intergenic_region	MODIFIER	SORBI_3001G257200-SORBI_3001G257300	SORBI_3001G257200-SORBI_3001G257300			
S01_31804632	01	31804632	T	C	intergenic_region	MODIFIER	LSU_rRNA_eukarya-SORBI_3001G260600	ENSRNA049463764-SORBI_3001G260600			
S01_32486341	01	32486341	C	T	intergenic_region	MODIFIER	SORBI_3001G261200-SORBI_3001G261250	SORBI_3001G261200-SORBI_3001G261250			
S01_33248621	01	33248621	GC	G	intergenic_region	MODIFIER	SORBI_3001G261400-SORBI_3001G261404	SORBI_3001G261400-SORBI_3001G261404			
S01_47768046	01	47768046	G	T	intergenic_region	MODIFIER	SORBI_3001G263200-SORBI_3001G263300	SORBI_3001G263200-SORBI_3001G263300			
S01_48675865	01	48675865	A	G	intergenic_region	MODIFIER	SORBI_3001G263801-SORBI_3001G263900	SORBI_3001G263801-SORBI_3001G263900			
S01_49186030	01	49186030	G	A	intergenic_region	MODIFIER	SORBI_3001G264400-SORBI_3001G264500	SORBI_3001G264400-SORBI_3001G264500			
S01_60010803	01	60010803	C	T	upstream_gene_variant	MODIFIER	SORBI_3001G313000	SORBI_3001G313000			
S01_61471986	01	61471986	T	C	intergenic_region	MODIFIER	SORBI_3001G327800-SORBI_3001G327900	SORBI_3001G327800-SORBI_3001G327900			
S01_61931259	01	61931259	C	T	intergenic_region	MODIFIER	SORBI_3001G331200-SORBI_3001G331301	SORBI_3001G331200-SORBI_3001G331301			
S01_74744901	01	74744901	G	A	upstream_gene_variant	MODIFIER	SORBI_3001G475200	SORBI_3001G475200			
S02_64665192	02	64665192	T	C	downstream_gene_variant	MODIFIER	SORBI_3002G261450	SORBI_3002G261450			
S02_69461644	02	69461644	G	A	synonymous_variant	LOW	SORBI_3002G323400	SORBI_3002G323400			
S03_1642758	03	1642758	C	T	upstream_gene_variant	MODIFIER	SORBI_3003G018600	SORBI_3003G018600			
S03_6969995	03	6969995	C	T	intron_variant	MODIFIER	SORBI_3003G081000	SORBI_3003G081000			
S03_12950662	03	12950662	C	T	intergenic_region	MODIFIER	SORBI_3003G136200-SORBI_3003G136301	SORBI_3003G136200-SORBI_3003G136301			
S03_19178065	03	19178065	G	A	intergenic_region	MODIFIER	SORBI_3003G161200-SORBI_3003G161300	SORBI_3003G161200-SORBI_3003G161300			
S03_25954883	03	25954883	C	T	intergenic_region	MODIFIER	SORBI_3003G166750-SORBI_3003G166875	SORBI_3003G166750-SORBI_3003G166875			
S03_26248862	03	26248862	G	A	upstream_gene_variant	MODIFIER	SORBI_3003G167000	SORBI_3003G167000			
S03_27917629	03	27917629	C	G	intergenic_region	MODIFIER	SORBI_3003G167875-SORBI_3003G167900	SORBI_3003G167875-SORBI_3003G167900			
S03_31158353	03	31158353	C	A	intergenic_region	MODIFIER	SORBI_3003G170501-SORBI_3003G170600	SORBI_3003G170501-SORBI_3003G170600			
S03_31926204	03	31926204	G	C	intergenic_region	MODIFIER	SORBI_3003G170700-SORBI_3003G170800	SORBI_3003G170700-SORBI_3003G170800			
S03_31978175	03	31978175	G	A	intergenic_region	MODIFIER	SORBI_3003G170700-SORBI_3003G170800	SORBI_3003G170700-SORBI_3003G170800			
S03_32156582	03	32156582	G	T	intergenic_region	MODIFIER	SORBI_3003G170700-SORBI_3003G170800	SORBI_3003G170700-SORBI_3003G170800			
S03_32472392	03	32472392	C	A	intergenic_region	MODIFIER	SORBI_3003G170800-SORBI_3003G170900	SORBI_3003G170800-SORBI_3003G170900			
S03_36092994	03	36092994	C	T	intergenic_region	MODIFIER	SORBI_3003G170966-SORBI_3003G171032	SORBI_3003G170966-SORBI_3003G171032			
S03_37342530	03	37342530	T	C	intergenic_region	MODIFIER	SORBI_3003G171400-SORBI_3003G171500	SORBI_3003G171400-SORBI_3003G171500			
S03_37759669	03	37759669	G	T	intergenic_region	MODIFIER	SORBI_3003G171500-SORBI_3003G171701	SORBI_3003G171500-SORBI_3003G171701			
S03_39175484	03	39175484	A	G	intergenic_region	MODIFIER	SORBI_3003G173400-SORBI_3003G173600	SORBI_3003G173400-SORBI_3003G173600			
S03_40710397	03	40710397	C	T	intergenic_region	MODIFIER	SORBI_3003G173800-SORBI_3003G173950	SORBI_3003G173800-SORBI_3003G173950			
S03_40949889	03	40949889	C	T	intergenic_region	MODIFIER	SORBI_3003G173800-SORBI_3003G173950	SORBI_3003G173800-SORBI_3003G173950			
S03_41596124	03	41596124	G	A	intergenic_region	MODIFIER	SORBI_3003G174400-SORBI_3003G174425	SORBI_3003G174400-SORBI_3003G174425			
S03_46666123	03	46666123	C	T	intergenic_region	MODIFIER	SORBI_3003G179201-SORBI_3003G179300	SORBI_3003G179201-SORBI_3003G179300			
S04_10668449	04	10668449	G	T	upstream_gene_variant	MODIFIER	SORBI_3004G110200	SORBI_3004G110200			
S04_15342156	04	15342156	T	C	intergenic_region	MODIFIER	SORBI_3004G127000-SORBI_3004G127066	SORBI_3004G127000-SORBI_3004G127066			
S04_15725720	04	15725720	G	C	intergenic_region	MODIFIER	SORBI_3004G127600-SORBI_3004G127650	SORBI_3004G127600-SORBI_3004G127650			
S04_16425339	04	16425339	C	T	intergenic_region	MODIFIER	SORBI_3004G129100-SORBI_3004G129201	SORBI_3004G129100-SORBI_3004G129201			
S04_17441775	04	17441775	CCA	C	intergenic_region	MODIFIER	SORBI_3004G130900-SORBI_3004G130916	SORBI_3004G130900-SORBI_3004G130916			
S04_22541703	04	22541703	T	C	intergenic_region	MODIFIER	SORBI_3004G134100-SORBI_3004G134200	SORBI_3004G134100-SORBI_3004G134200			
S04_22542697	04	22542697	G	A	intergenic_region	MODIFIER	SORBI_3004G134100-SORBI_3004G134200	SORBI_3004G134100-SORBI_3004G134200			
S04_28425194	04	28425194	G	C	intergenic_region	MODIFIER	SORBI_3004G135366-SORBI_3004G135400	SORBI_3004G135366-SORBI_3004G135400			
S04_33064924	04	33064924	A	G	intergenic_region	MODIFIER	SORBI_3004G135400-SORBI_3004G135500	SORBI_3004G135400-SORBI_3004G135500			
S04_33750606	04	33750606	G	A	intergenic_region	MODIFIER	SORBI_3004G135700-SORBI_3004G135800	SORBI_3004G135700-SORBI_3004G135800			
S04_35252218	04	35252218	C	T	intergenic_region	MODIFIER	SORBI_3004G136366-SORBI_3004G136400	SORBI_3004G136366-SORBI_3004G136400			
S05_14261294	05	14261294	A	G	intron_variant	MODIFIER	SORBI_3005G092500	SORBI_3005G092500			
S05_14607611	05	14607611	G	A	intergenic_region	MODIFIER	SORBI_3005G093901-SORBI_3005G094200	SORBI_3005G093901-SORBI_3005G094200			
S05_15949974	05	15949974	A	G	intergenic_region	MODIFIER	SORBI_3005G098100-SORBI_3005G098250	SORBI_3005G098100-SORBI_3005G098250			
S05_16296559	05	16296559	T	G	intergenic_region	MODIFIER	SORBI_3005G099550-SORBI_3005G099600	SORBI_3005G099550-SORBI_3005G099600			
S05_17641955	05	17641955	A	G	intergenic_region	MODIFIER	SORBI_3005G101900-SORBI_3005G102000	SORBI_3005G101900-SORBI_3005G102000			
S05_17852265	05	17852265	G	A	intergenic_region	MODIFIER	SORBI_3005G102401-SORBI_3005G102451	SORBI_3005G102401-SORBI_3005G102451			
S05_18394365	05	18394365	T	C	intergenic_region	MODIFIER	SORBI_3005G103300-SORBI_3005G103400	SORBI_3005G103300-SORBI_3005G103400			
S05_19343114	05	19343114	A	G	intergenic_region	MODIFIER	sbi-MIR172f-SORBI_3005G105300	ENSRNA049996183-SORBI_3005G105300			
S05_19343783	05	19343783	T	C	intergenic_region	MODIFIER	sbi-MIR172f-SORBI_3005G105300	ENSRNA049996183-SORBI_3005G105300			
S05_19369630	05	19369630	A	G	intergenic_region	MODIFIER	sbi-MIR172f-SORBI_3005G105300	ENSRNA049996183-SORBI_3005G105300			
S05_19751811	05	19751811	C	T	intergenic_region	MODIFIER	SORBI_3005G105600-SORBI_3005G105700	SORBI_3005G105600-SORBI_3005G105700			
S05_22549113	05	22549113	T	C	intergenic_region	MODIFIER	SORBI_3005G109300-SORBI_3005G109400	SORBI_3005G109300-SORBI_3005G109400			
S05_23528244	05	23528244	A	C	intergenic_region	MODIFIER	SORBI_3005G109900-SORBI_3005G110000	SORBI_3005G109900-SORBI_3005G110000			
S05_33924958	05	33924958	T	C	intergenic_region	MODIFIER	SORBI_3005G110508-SORBI_3005G110511	SORBI_3005G110508-SORBI_3005G110511			
S05_37683656	05	37683656	T	C	intergenic_region	MODIFIER	SORBI_3005G112100-SORBI_3005G112200	SORBI_3005G112100-SORBI_3005G112200			
S05_38402582	05	38402582	T	A	intergenic_region	MODIFIER	SORBI_3005G112200-SORBI_3005G112300	SORBI_3005G112200-SORBI_3005G112300			
S05_38555169	05	38555169	T	C	intergenic_region	MODIFIER	SORBI_3005G112300-SORBI_3005G112400	SORBI_3005G112300-SORBI_3005G112400			
S05_39340999	05	39340999	T	C	intergenic_region	MODIFIER	SORBI_3005G112700-SORBI_3005G112800	SORBI_3005G112700-SORBI_3005G112800			
S05_41086494	05	41086494	G	A	intergenic_region	MODIFIER	SORBI_3005G113101-SORBI_3005G113300	SORBI_3005G113101-SORBI_3005G113300			
S05_42518181	05	42518181	G	A	intergenic_region	MODIFIER	SORBI_3005G114101-SORBI_3005G114201	SORBI_3005G114101-SORBI_3005G114201			
S05_42671570	05	42671570	A	G	intergenic_region	MODIFIER	SORBI_3005G114101-SORBI_3005G114201	SORBI_3005G114101-SORBI_3005G114201			
S05_43112348	05	43112348	A	G	intergenic_region	MODIFIER	SORBI_3005G114400-SORBI_3005G114500	SORBI_3005G114400-SORBI_3005G114500			
S05_43572078	05	43572078	G	C	intergenic_region	MODIFIER	SORBI_3005G114500-SORBI_3005G114600	SORBI_3005G114500-SORBI_3005G114600			
S05_44566812	05	44566812	GGCCATCCAAGGCGACCA	G	intergenic_region	MODIFIER	SORBI_3005G114900-SORBI_3005G115000	SORBI_3005G114900-SORBI_3005G115000			
S05_46208644	05	46208644	T	C	intergenic_region	MODIFIER	SSU_rRNA_eukarya-SORBI_3005G115200	ENSRNA049485575-SORBI_3005G115200			
S05_46516607	05	46516607	G	A	intergenic_region	MODIFIER	SSU_rRNA_eukarya-SORBI_3005G115200	ENSRNA049485575-SORBI_3005G115200			
S05_47203545	05	47203545	A	T	intergenic_region	MODIFIER	SORBI_3005G115200-SORBI_3005G115300	SORBI_3005G115200-SORBI_3005G115300			
S05_52212176	05	52212176	T	TC	upstream_gene_variant	MODIFIER	SORBI_3005G119950	SORBI_3005G119950			
S05_53519435	05	53519435	G	A	intergenic_region	MODIFIER	SORBI_3005G121300-SORBI_3005G121500	SORBI_3005G121300-SORBI_3005G121500			
S05_56801377	05	56801377	G	C	intergenic_region	MODIFIER	SORBI_3005G130500-SORBI_3005G130550	SORBI_3005G130500-SORBI_3005G130550			
S05_56923267	05	56923267	T	TA	intergenic_region	MODIFIER	SORBI_3005G130600-SORBI_3005G130700	SORBI_3005G130600-SORBI_3005G130700			
S05_60330667	05	60330667	C	T	intergenic_region	MODIFIER	SORBI_3005G141801-SORBI_3005G141900	SORBI_3005G141801-SORBI_3005G141900			
S05_66457899	05	66457899	T	G	upstream_gene_variant	MODIFIER	SORBI_3005G182000	SORBI_3005G182000			
S05_67783732	05	67783732	T	C	intergenic_region	MODIFIER	SORBI_3005G194200-SORBI_3005G194300	SORBI_3005G194200-SORBI_3005G194300			
S06_58675347	06	58675347	C	T	intron_variant	MODIFIER	SORBI_3006G247500	SORBI_3006G247500			
S07_39734023	07	39734023	T	C	intergenic_region	MODIFIER	SORBI_3007G109800-SORBI_3007G109900	SORBI_3007G109800-SORBI_3007G109900			
S07_39890496	07	39890496	T	C	upstream_gene_variant	MODIFIER	SORBI_3007G110300	SORBI_3007G110300			
S07_41026124	07	41026124	G	C	intergenic_region	MODIFIER	SORBI_3007G111100-SORBI_3007G111150	SORBI_3007G111100-SORBI_3007G111150			
S07_41137510	07	41137510	G	A	intergenic_region	MODIFIER	SORBI_3007G111100-SORBI_3007G111150	SORBI_3007G111100-SORBI_3007G111150			
S07_41284139	07	41284139	A	T	intergenic_region	MODIFIER	SORBI_3007G111200-SORBI_3007G111300	SORBI_3007G111200-SORBI_3007G111300			
S07_42000724	07	42000724	G	A	intergenic_region	MODIFIER	SORBI_3007G111600-SORBI_3007G111700	SORBI_3007G111600-SORBI_3007G111700			
S07_46282208	07	46282208	C	T	intergenic_region	MODIFIER	SORBI_3007G113900-SORBI_3007G113950	SORBI_3007G113900-SORBI_3007G113950			
S08_8304389	08	8304389	G	A	intergenic_region	MODIFIER	SORBI_3008G069300-SORBI_3008G069401	SORBI_3008G069300-SORBI_3008G069401			
S08_8319381	08	8319381	C	T	intergenic_region	MODIFIER	SORBI_3008G069300-SORBI_3008G069401	SORBI_3008G069300-SORBI_3008G069401			
S08_10948539	08	10948539	G	A	intergenic_region	MODIFIER	SORBI_3008G074900-SORBI_3008G075100	SORBI_3008G074900-SORBI_3008G075100			
S08_11235420	08	11235420	A	G	intergenic_region	MODIFIER	SORBI_3008G075600-SORBI_3008G075700	SORBI_3008G075600-SORBI_3008G075700			
S08_11710108	08	11710108	A	G	intergenic_region	MODIFIER	SORBI_3008G076900-SORBI_3008G077100	SORBI_3008G076900-SORBI_3008G077100			
S08_12458968	08	12458968	A	T	intergenic_region	MODIFIER	SORBI_3008G078800-SORBI_3008G078900	SORBI_3008G078800-SORBI_3008G078900			
S08_12501030	08	12501030	C	T	intergenic_region	MODIFIER	SORBI_3008G078800-SORBI_3008G078900	SORBI_3008G078800-SORBI_3008G078900			
S08_17508009	08	17508009	G	A	intergenic_region	MODIFIER	SORBI_3008G086500-SORBI_3008G086700	SORBI_3008G086500-SORBI_3008G086700			
S08_18788610	08	18788610	G	A	intergenic_region	MODIFIER	SORBI_3008G088200-SORBI_3008G088300	SORBI_3008G088200-SORBI_3008G088300			
S08_29265057	08	29265057	G	A	intergenic_region	MODIFIER	SORBI_3008G088887-SORBI_3008G088890	SORBI_3008G088887-SORBI_3008G088890			
S08_29896136	08	29896136	A	G	intergenic_region	MODIFIER	SORBI_3008G088890-SORBI_3008G088900	SORBI_3008G088890-SORBI_3008G088900			
S08_29896148	08	29896148	C	G	intergenic_region	MODIFIER	SORBI_3008G088890-SORBI_3008G088900	SORBI_3008G088890-SORBI_3008G088900			
S08_35934051	08	35934051	G	A	intergenic_region	MODIFIER	SORBI_3008G090900-SORBI_3008G091100	SORBI_3008G090900-SORBI_3008G091100			
S08_35963867	08	35963867	A	G	intergenic_region	MODIFIER	SORBI_3008G090900-SORBI_3008G091100	SORBI_3008G090900-SORBI_3008G091100			
S08_41443231	08	41443231	A	G	intergenic_region	MODIFIER	SORBI_3008G092600-SORBI_3008G092701	SORBI_3008G092600-SORBI_3008G092701			
S08_41863606	08	41863606	T	C	intergenic_region	MODIFIER	SORBI_3008G092866-SORBI_3008G092932	SORBI_3008G092866-SORBI_3008G092932			
S08_43158211	08	43158211	T	C	intergenic_region	MODIFIER	SORBI_3008G093200-SORBI_3008G093500	SORBI_3008G093200-SORBI_3008G093500			
S08_43377911	08	43377911	C	T	intergenic_region	MODIFIER	SORBI_3008G093500-SORBI_3008G093600	SORBI_3008G093500-SORBI_3008G093600			
S08_44282516	08	44282516	T	C	intergenic_region	MODIFIER	SORBI_3008G094150-SORBI_3008G094300	SORBI_3008G094150-SORBI_3008G094300			
S08_44854736	08	44854736	G	A	upstream_gene_variant	MODIFIER	SORBI_3008G094700	SORBI_3008G094700			
S08_46095931	08	46095931	A	ATG	intergenic_region	MODIFIER	SORBI_3008G097100-SORBI_3008G097200	SORBI_3008G097100-SORBI_3008G097200			
S08_46869202	08	46869202	G	A	intergenic_region	MODIFIER	SORBI_3008G098700-SORBI_3008G098800	SORBI_3008G098700-SORBI_3008G098800			
S08_46979262	08	46979262	C	T	intergenic_region	MODIFIER	SORBI_3008G099000-SORBI_3008G099100	SORBI_3008G099000-SORBI_3008G099100			
S08_47632325	08	47632325	G	A	intergenic_region	MODIFIER	SORBI_3008G100400-SORBI_3008G100600	SORBI_3008G100400-SORBI_3008G100600			
S08_48153377	08	48153377	G	C	intergenic_region	MODIFIER	SORBI_3008G101350-SORBI_3008G101400	SORBI_3008G101350-SORBI_3008G101400			
S08_48539906	08	48539906	C	T	intergenic_region	MODIFIER	SORBI_3008G102050-SORBI_3008G102100	SORBI_3008G102050-SORBI_3008G102100			
S08_48686327	08	48686327	T	C	intergenic_region	MODIFIER	SORBI_3008G102532-SORBI_3008G102600	SORBI_3008G102532-SORBI_3008G102600			
S08_49403817	08	49403817	AGG	A	intron_variant	MODIFIER	SORBI_3008G105300	SORBI_3008G105300			
S08_49869287	08	49869287	C	T	downstream_gene_variant	MODIFIER	SORBI_3008G105850	SORBI_3008G105850			
S08_50127792	08	50127792	T	C	intergenic_region	MODIFIER	SORBI_3008G106400-SORBI_3008G106500	SORBI_3008G106400-SORBI_3008G106500			
S08_50565728	08	50565728	C	T	intergenic_region	MODIFIER	SORBI_3008G107300-SORBI_3008G107500	SORBI_3008G107300-SORBI_3008G107500			
S08_50786070	08	50786070	C	T	intergenic_region	MODIFIER	SORBI_3008G109300-SORBI_3008G109400	SORBI_3008G109300-SORBI_3008G109400			
S08_51503610	08	51503610	C	T	intergenic_region	MODIFIER	SORBI_3008G110600-SORBI_3008G110700	SORBI_3008G110600-SORBI_3008G110700			
S08_52503352	08	52503352	C	T	intergenic_region	MODIFIER	SORBI_3008G115600-SORBI_3008G115700	SORBI_3008G115600-SORBI_3008G115700			
S08_53820954	08	53820954	C	T	intergenic_region	MODIFIER	SORBI_3008G121240-SORBI_3008G121400	SORBI_3008G121240-SORBI_3008G121400			
S08_56123792	08	56123792	G	A	downstream_gene_variant	MODIFIER	SORBI_3008G133500	SORBI_3008G133500			
S08_61928889	08	61928889	A	G	missense_variant	MODERATE	SORBI_3008G184900	SORBI_3008G184900			
S09_1283738	09	1283738	T	C	intergenic_region	MODIFIER	SORBI_3009G014700-SORBI_3009G014800	SORBI_3009G014700-SORBI_3009G014800			
S09_17577390	09	17577390	G	A	intergenic_region	MODIFIER	SORBI_3009G090400-SORBI_3009G090500	SORBI_3009G090400-SORBI_3009G090500			
S09_22984284	09	22984284	C	T	intergenic_region	MODIFIER	SORBI_3009G093100-SORBI_3009G093200	SORBI_3009G093100-SORBI_3009G093200			
S09_25147382	09	25147382	GA	G	intergenic_region	MODIFIER	SORBI_3009G094600-SORBI_3009G094700	SORBI_3009G094600-SORBI_3009G094700			
S09_25217738	09	25217738	T	C	intergenic_region	MODIFIER	SORBI_3009G094600-SORBI_3009G094700	SORBI_3009G094600-SORBI_3009G094700			
S09_26681222	09	26681222	C	T	intergenic_region	MODIFIER	SORBI_3009G095400-SORBI_3009G095480	SORBI_3009G095400-SORBI_3009G095480			
S09_31338870	09	31338870	T	C	intergenic_region	MODIFIER	SORBI_3009G095720-SORBI_3009G095800	SORBI_3009G095720-SORBI_3009G095800			
S09_32836433	09	32836433	A	G	intergenic_region	MODIFIER	SORBI_3009G096100-SORBI_3009G096300	SORBI_3009G096100-SORBI_3009G096300			
S09_32905993	09	32905993	C	T	intergenic_region	MODIFIER	SORBI_3009G096100-SORBI_3009G096300	SORBI_3009G096100-SORBI_3009G096300			
S09_34961209	09	34961209	G	A	intergenic_region	MODIFIER	SORBI_3009G097100-SORBI_3009G097200	SORBI_3009G097100-SORBI_3009G097200			
S09_37284538	09	37284538	GGACACGTATCTTTT	G	intergenic_region	MODIFIER	SORBI_3009G098601-SORBI_3009G098700	SORBI_3009G098601-SORBI_3009G098700			
S09_38067020	09	38067020	A	G	intergenic_region	MODIFIER	SORBI_3009G098900-SORBI_3009G099000	SORBI_3009G098900-SORBI_3009G099000			
S09_39468566	09	39468566	A	T	intergenic_region	MODIFIER	SORBI_3009G100200-SORBI_3009G100300	SORBI_3009G100200-SORBI_3009G100300			
S09_42655546	09	42655546	C	T	downstream_gene_variant	MODIFIER	SORBI_3009G105000	SORBI_3009G105000			
S09_42974551	09	42974551	G	A	intergenic_region	MODIFIER	SORBI_3009G106601-SORBI_3009G106700	SORBI_3009G106601-SORBI_3009G106700			
S09_43436902	09	43436902	C	T	intergenic_region	MODIFIER	SORBI_3009G108050-SORBI_3009G108300	SORBI_3009G108050-SORBI_3009G108300			
S09_43694612	09	43694612	T	C	intergenic_region	MODIFIER	SORBI_3009G108700-SORBI_3009G108900	SORBI_3009G108700-SORBI_3009G108900			
S09_48556061	09	48556061	G	T	intergenic_region	MODIFIER	SORBI_3009G132000-SORBI_3009G132100	SORBI_3009G132000-SORBI_3009G132100			
S10_4797310	10	4797310	G	GTGGCC	downstream_gene_variant	MODIFIER	SORBI_3010G060900	SORBI_3010G060900			
S10_9581381	10	9581381	A	G	upstream_gene_variant	MODIFIER	SORBI_3010G102800	SORBI_3010G102800			
S10_13769783	10	13769783	T	C	intergenic_region	MODIFIER	SORBI_3010G120200-SORBI_3010G120300	SORBI_3010G120200-SORBI_3010G120300			
S10_13895754	10	13895754	C	G	intergenic_region	MODIFIER	SORBI_3010G120500-SORBI_3010G120600	SORBI_3010G120500-SORBI_3010G120600			
S10_15460997	10	15460997	A	G	intergenic_region	MODIFIER	SORBI_3010G125300-SORBI_3010G125400	SORBI_3010G125300-SORBI_3010G125400			
S10_15615308	10	15615308	A	G	intergenic_region	MODIFIER	SORBI_3010G125900-SORBI_3010G126000	SORBI_3010G125900-SORBI_3010G126000			
S10_15770653	10	15770653	A	G	intergenic_region	MODIFIER	SORBI_3010G126000-SORBI_3010G126100	SORBI_3010G126000-SORBI_3010G126100			
S10_18362807	10	18362807	A	T	intergenic_region	MODIFIER	SORBI_3010G132600-SORBI_3010G132700	SORBI_3010G132600-SORBI_3010G132700			
S10_23824837	10	23824837	C	T	intergenic_region	MODIFIER	SORBI_3010G139100-SORBI_3010G139200	SORBI_3010G139100-SORBI_3010G139200			
S10_24243965	10	24243965	C	CT	intergenic_region	MODIFIER	SORBI_3010G139550-SORBI_3010G139600	SORBI_3010G139550-SORBI_3010G139600			
S10_25281601	10	25281601	T	A	intergenic_region	MODIFIER	SORBI_3010G139600-SORBI_3010G140100	SORBI_3010G139600-SORBI_3010G140100			
S10_27897905	10	27897905	G	A	intergenic_region	MODIFIER	SORBI_3010G140575-SORBI_3010G140600	SORBI_3010G140575-SORBI_3010G140600			
S10_28256307	10	28256307	G	T	intergenic_region	MODIFIER	SORBI_3010G140600-SORBI_3010G140700	SORBI_3010G140600-SORBI_3010G140700			
S10_33169721	10	33169721	G	A	intergenic_region	MODIFIER	SORBI_3010G140800-SORBI_3010G141001	SORBI_3010G140800-SORBI_3010G141001			
S10_33292127	10	33292127	A	G	intergenic_region	MODIFIER	SORBI_3010G140800-SORBI_3010G141001	SORBI_3010G140800-SORBI_3010G141001			
S10_38504754	10	38504754	G	A	intergenic_region	MODIFIER	SORBI_3010G143800-SORBI_3010G143900	SORBI_3010G143800-SORBI_3010G143900			
S10_39421817	10	39421817	A	G	3_prime_UTR_variant	MODIFIER	SORBI_3010G144500	SORBI_3010G144500			
S10_39768394	10	39768394	C	A	intergenic_region	MODIFIER	SORBI_3010G144600-SORBI_3010G144700	SORBI_3010G144600-SORBI_3010G144700			
S10_41083547	10	41083547	G	A	intergenic_region	MODIFIER	SORBI_3010G145300-SORBI_3010G145500	SORBI_3010G145300-SORBI_3010G145500			
S10_42201684	10	42201684	AG	A	intergenic_region	MODIFIER	SORBI_3010G147200-SORBI_3010G147250	SORBI_3010G147200-SORBI_3010G147250			
S10_44316432	10	44316432	A	G	intergenic_region	MODIFIER	SORBI_3010G152600-SORBI_3010G152700	SORBI_3010G152600-SORBI_3010G152700			
S10_45243188	10	45243188	G	A	intergenic_region	MODIFIER	SORBI_3010G154150-SORBI_3010G154300	SORBI_3010G154150-SORBI_3010G154300			
S10_50966073	10	50966073	G	A	intergenic_region	MODIFIER	SORBI_3010G174100-SORBI_3010G174300	SORBI_3010G174100-SORBI_3010G174300			
